{"0.png": {"Thickness": 0.005284163, "Rvalue": 44.0, "Gvalue": 88.0, "Bvalue": 155.0, "Avalue": 158.0, "Stampimage": 31.0, "Noisefactor": 0.343142509, "Rotationrandomness": 1.219913319, "Interval": 0.319129417, "Stampmode": 1.0}, "1.png": {"Thickness": 0.005993903, "Rvalue": 50.0, "Gvalue": 119.0, "Bvalue": 155.0, "Avalue": 203.0, "Stampimage": 71.0, "Noisefactor": 0.467369556, "Rotationrandomness": 1.21905361, "Interval": 0.407546828, "Stampmode": 1.0},"3.png": {"Thickness": 0.015448607, "Rvalue": 130.0, "Gvalue": 156.0, "Bvalue": 119.0, "Avalue": 50.0, "Stampimage": 55.0, "Noisefactor": 0.611764073, "Rotationrandomness": 0.939194084, "Interval": 0.107668171, "Stampmode": 1.0}, "4.png": {"Thickness": 0.015512549, "Rvalue": 131.0, "Gvalue": 116.0, "Bvalue": 203.0, "Avalue": 207.0, "Stampimage": 41.0, "Noisefactor": 0.454487592, "Rotationrandomness": 1.591387697, "Interval": 0.416160921, "Stampmode": 1.0}, "2.png": {"Thickness": 0.007517927, "Rvalue": 63.0, "Gvalue": 136.0, "Bvalue": 179.0, "Avalue": 159.0, "Stampimage": 23.0, "Noisefactor": 0.534799635, "Rotationrandomness": 1.407188684, "Interval": 0.321841547, "Stampmode": 1.0}}